country,year,demox_eiu,income_per_person,invest_%_gdp,tax_%_gdp,gini_index
Afghanistan,2006,30.6,1120,23.4,6.88,36.8
Afghanistan,2007,30.4,1250,19.9,5.23,36.8
Afghanistan,2008,30.2,1270,18.9,6.04,36.8
Afghanistan,2009,27.5,1500,17.9,8.44,36.8
Afghanistan,2010,24.8,1670,17.9,9.12,36.8
Afghanistan,2011,24.8,1630,16.6,8.85,36.8
Afghanistan,2012,24.8,1770,16.8,7.47,36.8
Afghanistan,2013,24.8,1810,17.2,7.08,36.8
Afghanistan,2014,27.7,1800,18.1,6.84,36.8
Afghanistan,2015,27.7,1770,19.4,7.55,36.8
Afghanistan,2016,25.5,1760,17.7,,36.8
Albania,2006,59.1,7910,39.0,,30.4
Albania,2007,59.1,8450,38.7,,30.2
Albania,2008,59.1,9160,35.8,,30.0
Albania,2009,58.9,9530,34.6,,29.7
Albania,2010,58.6,9930,30.3,,29.5
Albania,2011,58.1,10200,31.4,18.0,29.3
Albania,2012,56.7,10400,28.3,17.5,29.1
Albania,2013,56.7,10500,28.4,16.5,29.0
Albania,2014,56.7,10700,24.6,18.3,29.0
Albania,2015,59.1,11000,24.4,18.5,29.0
Albania,2016,59.1,11400,24.8,17.6,29.0
Algeria,2006,31.7,12400,30.2,40.8,30.3
Algeria,2007,32.5,12600,34.5,37.4,29.9
Algeria,2008,33.2,12700,37.3,45.3,29.4
Algeria,2009,33.8,12700,46.9,35.1,29.0
Algeria,2010,34.4,12900,41.4,34.4,28.5
Algeria,2011,34.4,13000,38.1,37.2,28.2
Algeria,2012,38.3,13200,39.2,,27.9
Algeria,2013,38.3,13300,43.4,,27.7
Algeria,2014,38.3,13500,45.6,,27.6
Algeria,2015,39.5,13800,50.7,,27.6
Algeria,2016,35.6,13900,50.7,,27.6
Angola,2006,24.1,5500,15.4,29.3,46.2
Angola,2007,28.8,6040,13.5,23.2,45.0
Angola,2008,33.5,6470,16.2,27.0,44.1
Angola,2009,33.4,6290,15.2,17.1,43.4
Angola,2010,33.2,6360,14.4,16.9,42.9
Angola,2011,33.2,6350,12.9,17.3,42.7
Angola,2012,33.5,6650,15.1,16.7,42.6
Angola,2013,33.5,6730,14.7,15.5,42.6
Angola,2014,33.5,6810,15.3,15.6,42.6
Angola,2015,33.5,6650,9.55,12.5,42.6
Angola,2016,34.0,6260,8.4,10.3,42.6
Argentina,2006,66.3,16700,18.7,12.9,46.7
Argentina,2007,66.3,18000,20.1,12.4,45.8
Argentina,2008,66.3,18600,19.6,13.3,44.9
Argentina,2009,67.3,17300,16.1,12.4,44.0
Argentina,2010,68.4,18900,17.7,12.9,43.0
Argentina,2011,68.4,19800,18.4,12.7,42.3
Argentina,2012,68.4,19400,16.5,13.0,41.8
Argentina,2013,68.4,19600,17.3,12.5,41.6
Argentina,2014,68.4,18900,17.3,12.6,41.6
Argentina,2015,70.2,19200,17.1,12.3,41.8
Argentina,2016,69.6,18600,17.0,12.2,42.1
Armenia,2006,41.5,6110,35.9,14.4,32.7
Armenia,2007,41.2,7010,37.8,16.0,30.8
Armenia,2008,40.9,7560,40.9,17.3,29.6
Armenia,2009,40.9,6530,34.7,16.5,29.6
Armenia,2010,40.9,6700,32.9,17.1,29.2
Armenia,2011,40.9,7020,27.3,17.2,29.5
Armenia,2012,40.9,7510,25.3,17.5,30.2
Armenia,2013,40.2,7720,22.3,,30.7
Armenia,2014,41.3,7950,20.9,21.6,31.3
Armenia,2015,40.0,8170,20.7,20.9,31.9
Armenia,2016,38.8,8160,18.0,21.3,32.3
Australia,2006,90.9,39500,27.6,24.6,34.7
Australia,2007,90.9,40700,27.5,24.1,34.9
Australia,2008,90.9,41400,28.6,24.3,35.0
Australia,2009,91.5,41300,27.3,22.1,34.2
Australia,2010,92.2,41500,26.8,20.6,33.6
Australia,2011,92.2,42000,26.4,20.4,32.9
Australia,2012,92.2,42800,27.6,21.2,32.4
Australia,2013,91.3,43200,27.8,22.1,31.9
Australia,2014,90.1,43700,26.7,22.0,32.2
Australia,2015,90.1,44100,26.1,22.0,32.3
Australia,2016,90.1,44600,25.3,22.3,32.3
Austria,2006,86.9,42500,23.6,25.1,29.8
Austria,2007,85.9,43900,24.6,25.4,30.2
Austria,2008,84.9,44400,24.5,26.1,30.5
Austria,2009,84.9,42700,22.8,25.2,30.7
Austria,2010,84.9,43300,22.6,25.3,30.7
Austria,2011,84.9,44500,24.1,25.4,30.8
Austria,2012,86.2,44600,24.0,25.9,30.6
Austria,2013,84.8,44300,23.7,26.4,30.6
Austria,2014,85.4,44200,23.5,26.4,30.6
Austria,2015,85.4,44300,23.6,26.8,30.6
Austria,2016,84.1,44700,24.1,25.7,30.5
Azerbaijan,2006,33.1,10900,29.9,,31.9
Azerbaijan,2007,32.5,13500,21.5,,31.7
Azerbaijan,2008,31.9,14600,18.7,16.4,31.8
Azerbaijan,2009,31.7,15700,18.9,14.1,32.1
Azerbaijan,2010,31.5,16200,18.1,12.2,32.2
Azerbaijan,2011,31.5,15800,20.3,12.2,32.4
Azerbaijan,2012,31.5,15900,21.7,12.8,32.4
Azerbaijan,2013,30.6,16600,24.5,13.4,32.4
Azerbaijan,2014,28.3,16900,25.7,14.2,32.4
Azerbaijan,2015,27.1,16800,27.9,15.6,32.4
Azerbaijan,2016,26.5,16100,24.9,,32.4
Bahrain,2006,35.3,42700,30.4,1.17,40.0
Bahrain,2007,34.5,42800,34.7,1.15,40.0
Bahrain,2008,33.8,42200,35.2,1.24,40.0
Bahrain,2009,34.4,40700,26.1,1.36,40.0
Bahrain,2010,34.9,40600,27.3,1.18,40.0
Bahrain,2011,29.2,40200,22.4,1.11,40.0
Bahrain,2012,25.3,41000,28.1,,40.0
Bahrain,2013,28.7,42700,25.9,1.07,40.0
Bahrain,2014,28.7,43800,26.8,,40.0
Bahrain,2015,27.9,43900,26.5,,40.0
Bahrain,2016,27.9,43700,29.6,,40.0
Bangladesh,2006,61.1,2100,26.1,7.04,33.0
Bangladesh,2007,58.1,2220,26.2,6.92,32.8
Bangladesh,2008,55.2,2320,26.2,7.66,32.6
Bangladesh,2009,57.0,2410,26.2,7.5,32.4
Bangladesh,2010,58.7,2520,26.2,7.83,32.3
Bangladesh,2011,58.6,2650,27.4,8.69,32.2
Bangladesh,2012,58.6,2790,28.3,9.02,32.2
Bangladesh,2013,58.6,2930,28.4,8.96,32.3
Bangladesh,2014,57.8,3070,28.6,8.64,32.3
Bangladesh,2015,57.3,3230,28.9,8.5,32.3
Bangladesh,2016,57.3,3420,29.7,8.77,32.4
Belarus,2006,33.4,12400,32.2,22.2,28.0
Belarus,2007,33.4,13600,34.1,23.7,28.2
Belarus,2008,33.4,15000,37.6,25.4,28.4
Belarus,2009,33.4,15100,37.3,19.3,28.2
Belarus,2010,33.4,16300,40.7,16.3,27.6
Belarus,2011,31.6,17200,37.2,14.5,27.3
Belarus,2012,30.4,17500,35.1,14.7,27.2
Belarus,2013,30.4,17600,38.8,13.4,26.8
Belarus,2014,36.9,17900,34.8,12.7,26.8
Belarus,2015,36.2,17200,29.0,14.2,26.9
Belarus,2016,35.4,16800,26.5,13.8,27.0
Belgium,2006,81.5,40500,23.9,25.2,29.1
Belgium,2007,81.5,41600,24.4,24.7,28.7
Belgium,2008,81.6,41600,25.7,25.1,28.5
Belgium,2009,81.0,40400,21.7,23.6,28.5
Belgium,2010,80.5,41100,22.7,24.3,28.2
Belgium,2011,80.5,41300,24.0,24.7,28.0
Belgium,2012,80.5,41100,23.2,25.7,27.9
Belgium,2013,80.5,41000,22.2,26.2,27.8
Belgium,2014,79.3,41300,23.3,26.3,27.8
Belgium,2015,79.3,41800,23.6,24.7,27.8
Belgium,2016,77.7,42200,24.0,23.1,27.8
Benin,2006,61.6,1750,19.0,14.2,40.2
Benin,2007,61.1,1810,24.1,15.7,40.7
Benin,2008,60.6,1840,20.4,16.1,41.3
Benin,2009,61.1,1830,21.9,15.0,41.8
Benin,2010,61.7,1820,23.1,15.5,42.4
Benin,2011,60.6,1820,24.1,14.8,43.1
Benin,2012,60.0,1860,22.6,14.4,44.0
Benin,2013,58.7,1940,27.8,15.4,45.1
Benin,2014,56.5,2000,28.6,,46.0
Benin,2015,57.2,1990,26.0,,46.9
Benin,2016,56.7,2010,24.6,,47.5
Bhutan,2006,26.2,4830,46.5,9.03,39.0
Bhutan,2007,34.6,5630,29.3,7.52,38.6
Bhutan,2008,43.0,5840,42.9,8.42,38.4
Bhutan,2009,44.9,6160,45.7,9.24,38.4
Bhutan,2010,46.8,6810,61.7,13.1,38.5
Bhutan,2011,45.7,7270,67.7,13.5,38.6
Bhutan,2012,46.5,7550,67.9,14.7,38.6
Bhutan,2013,48.2,7620,46.0,14.4,38.5
Bhutan,2014,48.7,7950,51.7,13.3,38.3
Bhutan,2015,49.3,8380,54.0,13.8,38.0
Bhutan,2016,49.3,8940,55.6,13.2,37.8
Bolivia,2006,59.8,4780,13.9,16.8,55.1
Bolivia,2007,60.6,4910,15.2,17.0,54.0
Bolivia,2008,61.5,5130,17.6,,51.8
Bolivia,2009,60.4,5210,17.0,,49.7
Bolivia,2010,59.2,5340,17.0,,48.1
Bolivia,2011,58.4,5530,19.8,,47.4
Bolivia,2012,58.4,5720,17.7,,47.1
Bolivia,2013,57.9,6010,19.0,,47.0
Bolivia,2014,57.9,6240,21.0,,46.7
Bolivia,2015,57.5,6440,20.3,,46.3
Bolivia,2016,56.3,6620,21.1,,45.7
Bosnia and Herzegovina,2006,57.8,8800,21.6,21.7,33.5
Bosnia and Herzegovina,2007,57.4,9320,25.4,21.4,33.3
Bosnia and Herzegovina,2008,57.0,9850,27.1,20.3,33.1
Bosnia and Herzegovina,2009,55.1,9600,19.8,18.9,33.0
Bosnia and Herzegovina,2010,53.2,9760,16.3,19.7,33.0
Bosnia and Herzegovina,2011,52.4,9980,18.7,20.3,33.0
Bosnia and Herzegovina,2012,51.1,10000,19.2,20.5,32.9
Bosnia and Herzegovina,2013,50.2,10500,18.2,19.8,32.9
Bosnia and Herzegovina,2014,47.8,10800,19.1,19.8,32.8
Bosnia and Herzegovina,2015,48.3,11300,18.7,19.9,32.7
Bosnia and Herzegovina,2016,48.7,11800,19.6,20.0,32.7
Botswana,2006,76.0,12400,25.9,26.9,62.9
Botswana,2007,75.3,13200,30.8,25.7,62.3
Botswana,2008,74.7,13700,36.2,27.4,61.7
Botswana,2009,75.5,12400,38.9,27.3,61.2
Botswana,2010,76.3,13200,41.4,23.6,60.8
Botswana,2011,76.3,13800,37.8,23.2,60.6
Botswana,2012,78.5,14300,38.1,26.6,60.5
Botswana,2013,79.8,15700,29.4,25.6,60.5
Botswana,2014,78.7,16200,27.9,25.8,60.5
Botswana,2015,78.7,15700,32.1,24.7,60.5
Botswana,2016,78.7,16000,24.3,20.8,60.5
Brazil,2006,73.8,12700,17.8,15.4,55.5
Brazil,2007,73.8,13300,19.8,15.8,54.9
Brazil,2008,73.8,13900,21.6,15.5,54.3
Brazil,2009,72.5,13700,18.8,14.4,53.8
Brazil,2010,71.2,14600,21.8,13.6,53.3
Brazil,2011,71.2,15100,21.8,14.2,53.1
Brazil,2012,71.2,15200,21.4,13.7,52.6
Brazil,2013,71.2,15500,21.7,13.4,52.2
Brazil,2014,73.8,15500,20.5,12.8,51.9
Brazil,2015,69.6,14800,17.4,12.8,51.6
Brazil,2016,69.0,14200,15.4,12.9,51.4
Bulgaria,2006,71.0,13400,32.3,21.1,33.2
Bulgaria,2007,70.6,14500,33.6,22.9,33.7
Bulgaria,2008,70.2,15400,37.0,22.2,34.2
Bulgaria,2009,69.3,15000,28.6,19.0,33.9
Bulgaria,2010,68.4,15300,22.6,18.5,34.7
Bulgaria,2011,67.8,15700,21.5,17.7,35.3
Bulgaria,2012,67.2,15800,21.9,19.0,36.0
Bulgaria,2013,68.3,15900,21.3,19.8,36.3
Bulgaria,2014,67.3,16300,21.4,19.6,37.0
Bulgaria,2015,71.4,17000,21.2,20.2,37.3
Bulgaria,2016,70.1,17800,19.1,20.0,37.4
Burkina Faso,2006,37.2,1310,20.7,12.1,41.5
Burkina Faso,2007,36.6,1340,22.2,12.7,40.9
Burkina Faso,2008,36.0,1390,25.4,11.9,40.3
Burkina Faso,2009,36.0,1390,24.9,12.5,39.6
Burkina Faso,2010,35.9,1420,26.9,12.7,38.8
Burkina Faso,2011,35.9,1470,28.0,13.7,38.0
Burkina Faso,2012,35.2,1520,32.5,15.6,37.1
Burkina Faso,2013,41.5,1560,32.5,16.8,36.4
Burkina Faso,2014,40.9,1580,25.9,15.4,35.8
Burkina Faso,2015,47.0,1600,24.3,15.1,35.5
Burkina Faso,2016,47.0,1640,23.2,15.8,35.3
Burundi,2006,45.1,707,22.0,,34.5
Burundi,2007,45.1,707,23.6,,34.4
Burundi,2008,45.1,718,26.7,,34.7
Burundi,2009,42.6,721,23.2,,35.3
Burundi,2010,40.1,734,30.5,13.9,36.0
Burundi,2011,40.1,739,27.6,14.7,36.6
Burundi,2012,36.0,748,28.4,13.7,37.3
Burundi,2013,34.1,761,28.7,12.2,37.8
Burundi,2014,33.3,768,27.8,,38.2
Burundi,2015,24.9,716,16.6,,38.5
Burundi,2016,24.0,689,16.9,,38.6
Cambodia,2006,47.7,2150,22.5,8.18,42.0
Cambodia,2007,48.2,2330,21.2,9.7,42.0
Cambodia,2008,48.7,2450,18.6,10.6,42.0
Cambodia,2009,48.7,2420,21.4,9.65,42.0
Cambodia,2010,48.7,2520,17.4,10.0,42.0
Cambodia,2011,48.7,2660,17.1,10.2,42.0
Cambodia,2012,49.6,2810,18.5,11.1,42.0
Cambodia,2013,46.0,2960,20.0,12.1,42.0
Cambodia,2014,47.8,3120,22.1,14.6,42.0
Cambodia,2015,42.7,3290,22.5,14.2,42.0
Cambodia,2016,42.7,3470,22.7,15.3,42.0
Canada,2006,90.7,41200,23.7,13.4,33.8
Canada,2007,90.7,41600,24.0,13.4,33.8
Canada,2008,90.7,41600,24.1,12.4,33.7
Canada,2009,90.8,39900,22.0,12.3,33.7
Canada,2010,90.8,40700,23.5,11.8,33.7
Canada,2011,90.8,41600,24.2,11.8,33.8
Canada,2012,90.8,41800,24.9,11.7,33.3
Canada,2013,90.8,42400,25.0,11.7,32.8
Canada,2014,90.8,43100,24.9,11.8,32.2
Canada,2015,90.8,43100,24.1,12.3,31.7
Canada,2016,91.5,43100,23.2,12.2,31.1
Cape Verde,2006,74.3,5070,,22.7,49.0
Cape Verde,2007,76.2,5770,49.8,20.9,48.3
Cape Verde,2008,78.1,6080,48.5,21.3,47.7
Cape Verde,2009,78.8,5930,43.8,18.4,47.4
Cape Verde,2010,79.4,5940,47.6,,47.2
Cape Verde,2011,79.2,6100,47.5,,47.2
Cape Verde,2012,79.2,6090,37.2,17.9,47.2
Cape Verde,2013,79.2,6060,31.6,,47.2
Cape Verde,2014,78.1,6020,37.0,,47.2
Cape Verde,2015,78.1,6010,30.2,,47.2
Cape Verde,2016,79.4,6210,36.1,,47.2
Central African Republic,2006,16.1,863,10.2,,51.2
Central African Republic,2007,17.4,885,10.7,,53.2
Central African Republic,2008,18.6,888,12.7,9.06,54.7
Central African Republic,2009,18.4,950,13.2,9.17,55.7
Central African Republic,2010,18.2,982,14.3,10.1,56.2
Central African Republic,2011,18.2,1020,15.0,9.29,56.2
Central African Republic,2012,19.9,1060,14.8,,56.2
Central African Republic,2013,14.9,678,8.69,,56.2
Central African Republic,2014,14.9,677,10.2,,56.2
Central African Republic,2015,15.7,703,13.9,,56.2
Central African Republic,2016,16.1,731,13.6,,56.2
Chile,2006,78.9,17900,20.8,19.5,49.0
Chile,2007,78.9,18500,20.8,20.3,48.7
Chile,2008,78.9,19000,26.8,18.7,48.5
Chile,2009,77.8,18500,21.1,14.5,48.4
Chile,2010,76.7,19400,23.1,17.4,48.2
Chile,2011,75.4,20300,24.6,18.9,47.9
Chile,2012,75.4,21200,26.4,19.0,47.6
Chile,2013,78.0,21900,25.6,17.4,47.5
Chile,2014,78.0,22000,23.2,17.0,47.5
Chile,2015,78.4,22300,23.8,17.4,47.5
Chile,2016,77.8,22300,22.2,17.4,47.6
China,2006,29.7,6390,40.9,9.06,41.5
China,2007,30.1,7260,41.5,9.77,41.9
China,2008,30.4,7930,43.3,10.1,42.3
China,2009,30.9,8630,46.4,10.3,42.5
China,2010,31.4,9500,47.6,10.2,42.5
China,2011,31.4,10400,47.7,10.3,41.9
China,2012,30.0,11100,47.2,10.2,41.3
China,2013,30.0,11900,47.4,9.87,40.6
China,2014,30.0,12700,47.0,9.67,40.0
China,2015,31.4,13500,45.4,9.37,39.4
China,2016,31.4,14400,44.3,,39.2
Colombia,2006,64.0,9840,22.4,,54.6
Colombia,2007,64.7,10400,23.0,,54.5
Colombia,2008,65.4,10600,23.5,12.9,54.7
Colombia,2009,65.5,10600,22.4,12.6,54.6
Colombia,2010,65.5,11000,22.1,12.1,54.2
Colombia,2011,66.3,11700,23.9,14.6,53.7
Colombia,2012,66.3,12000,23.9,13.3,53.4
Colombia,2013,65.5,12400,24.3,14.1,52.7
Colombia,2014,65.5,12900,26.3,15.0,52.1
Colombia,2015,66.2,13100,26.7,15.1,51.7
Colombia,2016,66.7,13200,24.7,13.3,51.3
"Congo, Dem. Rep.",2006,27.6,605,14.6,6.83,42.2
"Congo, Dem. Rep.",2007,25.2,623,13.7,6.99,42.1
"Congo, Dem. Rep.",2008,22.8,640,10.9,8.97,42.1
"Congo, Dem. Rep.",2009,22.1,637,14.6,7.89,42.1
"Congo, Dem. Rep.",2010,21.5,660,28.8,8.35,42.1
"Congo, Dem. Rep.",2011,21.5,682,24.9,,42.1
"Congo, Dem. Rep.",2012,19.2,706,14.3,,42.1
"Congo, Dem. Rep.",2013,18.3,741,21.8,,42.1
"Congo, Dem. Rep.",2014,17.5,785,23.2,,42.1
"Congo, Dem. Rep.",2015,21.1,812,19.6,,42.1
"Congo, Dem. Rep.",2016,19.3,805,17.4,,42.1
"Congo, Rep.",2006,31.9,5000,21.6,5.79,47.6
"Congo, Rep.",2007,30.6,4760,21.8,6.6,47.9
"Congo, Rep.",2008,29.4,4850,18.3,5.95,48.1
"Congo, Rep.",2009,29.1,5050,22.5,8.4,48.4
"Congo, Rep.",2010,28.9,5320,20.5,7.6,48.6
"Congo, Rep.",2011,28.9,5350,25.3,8.86,48.8
"Congo, Rep.",2012,28.9,5420,26.0,9.43,48.9
"Congo, Rep.",2013,28.9,5470,30.9,,48.9
"Congo, Rep.",2014,28.9,5700,41.3,,48.9
"Congo, Rep.",2015,29.1,5700,40.9,,48.9
"Congo, Rep.",2016,29.1,5400,50.4,,48.9
Costa Rica,2006,80.4,11600,21.2,13.9,48.6
Costa Rica,2007,80.4,12300,23.5,14.9,49.1
Costa Rica,2008,80.4,12700,24.9,15.3,49.2
Costa Rica,2009,80.4,12500,18.4,13.3,49.1
Costa Rica,2010,80.4,12900,19.7,13.1,48.9
Costa Rica,2011,81.0,13300,19.9,13.4,49.1
Costa Rica,2012,81.0,13800,20.5,13.3,48.7
Costa Rica,2013,80.3,13900,19.0,13.7,48.7
Costa Rica,2014,80.3,14300,18.8,13.4,48.7
Costa Rica,2015,79.6,14600,18.4,13.7,48.7
Costa Rica,2016,78.8,15100,17.9,14.0,48.6
Cote d'Ivoire,2006,33.8,2660,10.6,14.7,42.6
Cote d'Ivoire,2007,33.3,2650,12.7,15.1,42.8
Cote d'Ivoire,2008,32.7,2660,12.1,15.1,42.8
Cote d'Ivoire,2009,31.4,2680,8.7,14.6,42.8
Cote d'Ivoire,2010,30.2,2670,13.4,14.3,42.7
Cote d'Ivoire,2011,30.8,2500,4.7,10.9,42.4
Cote d'Ivoire,2012,32.5,2700,15.1,14.3,42.2
Cote d'Ivoire,2013,32.5,2860,20.7,14.5,42.0
Cote d'Ivoire,2014,35.3,3040,19.8,14.0,41.8
Cote d'Ivoire,2015,33.1,3230,20.1,15.4,41.6
Cote d'Ivoire,2016,38.1,3400,20.7,15.2,41.5
Croatia,2006,70.4,21100,29.8,19.9,31.7
Croatia,2007,70.4,22200,29.7,19.9,32.3
Croatia,2008,70.4,22700,31.4,20.0,32.2
Croatia,2009,69.3,21000,25.0,19.2,32.3
Croatia,2010,68.1,20800,21.4,19.1,32.2
Croatia,2011,67.3,20800,20.6,18.4,31.9
Croatia,2012,69.3,20300,19.2,19.5,31.7
Croatia,2013,69.3,20300,19.3,19.0,32.0
Croatia,2014,69.3,20400,18.8,19.1,31.8
Croatia,2015,69.3,21000,20.0,,31.5
Croatia,2016,67.5,21900,20.2,,31.3
Cyprus,2006,76.0,34600,24.6,40.9,30.9
Cyprus,2007,76.5,35600,24.4,48.3,31.3
Cyprus,2008,77.0,36000,28.9,46.1,31.5
Cyprus,2009,75.0,34400,22.9,23.3,31.8
Cyprus,2010,72.9,33900,23.8,23.2,32.4
Cyprus,2011,72.9,33200,18.8,23.3,33.5
Cyprus,2012,72.9,31800,16.1,23.3,34.2
Cyprus,2013,72.9,30000,13.2,23.4,34.7
Cyprus,2014,74.0,29900,12.3,24.5,35.0
Cyprus,2015,75.3,30700,14.2,24.1,34.9
Cyprus,2016,76.5,32000,16.8,24.3,34.3
Czech Republic,2006,81.7,27500,30.0,14.1,26.7
Czech Republic,2007,81.8,28800,32.1,14.5,26.4
Czech Republic,2008,81.9,29400,31.1,13.4,26.4
Czech Republic,2009,81.9,27800,26.5,13.4,26.3
Czech Republic,2010,81.9,28400,27.1,13.4,26.3
Czech Republic,2011,81.9,28800,27.0,14.3,26.3
Czech Republic,2012,81.9,28500,26.2,14.7,26.3
Czech Republic,2013,80.6,28400,24.7,14.9,26.2
Czech Republic,2014,79.4,29100,25.9,14.2,26.0
Czech Republic,2015,79.4,30600,28.0,14.6,26.0
Czech Republic,2016,78.2,31300,26.3,14.7,25.9
Denmark,2006,95.2,46200,24.3,31.9,25.5
Denmark,2007,95.2,46400,25.3,35.1,25.8
Denmark,2008,95.2,45900,24.0,33.4,26.2
Denmark,2009,95.2,43400,19.1,33.2,26.5
Denmark,2010,95.2,44000,18.1,32.7,26.8
Denmark,2011,95.2,44400,19.1,32.8,27.5
Denmark,2012,95.2,44300,19.5,33.4,27.8
Denmark,2013,93.8,44600,19.7,33.8,28.0
Denmark,2014,91.1,45100,20.1,36.5,28.2
Denmark,2015,91.1,45800,20.0,33.9,28.3
Denmark,2016,92.0,46500,21.0,33.7,28.2
Dominican Republic,2006,61.3,9860,26.9,14.0,50.0
Dominican Republic,2007,61.6,10500,28.4,14.9,49.3
Dominican Republic,2008,62.0,10700,30.0,14.2,48.7
Dominican Republic,2009,62.0,10600,23.6,12.6,47.8
Dominican Republic,2010,62.0,11400,26.4,12.2,47.2
Dominican Republic,2011,62.0,11600,25.0,12.3,47.1
Dominican Republic,2012,64.9,11800,24.3,13.0,46.2
Dominican Republic,2013,67.4,12200,22.7,13.5,45.7
Dominican Republic,2014,66.7,13000,23.0,13.6,45.3
Dominican Republic,2015,66.7,13700,22.6,13.3,45.3
Dominican Republic,2016,66.7,14500,21.9,13.5,44.9
Egypt,2006,39.0,8540,18.7,15.8,31.7
Egypt,2007,39.0,8990,20.9,15.3,31.5
Egypt,2008,38.9,9460,22.4,15.3,31.4
Egypt,2009,34.8,9720,19.2,15.7,31.3
Egypt,2010,30.7,10000,19.5,14.1,31.2
Egypt,2011,39.5,9980,17.1,14.0,30.9
Egypt,2012,45.6,9980,16.0,12.4,30.8
Egypt,2013,32.7,9970,14.2,13.5,30.9
Egypt,2014,31.6,10000,13.6,12.2,31.0
Egypt,2015,31.8,10200,14.3,12.5,31.2
Egypt,2016,33.1,10500,15.0,,31.6
El Salvador,2006,62.2,6120,20.1,15.7,46.8
El Salvador,2007,63.1,6200,20.8,16.7,46.4
El Salvador,2008,64.0,6310,20.2,17.1,45.4
El Salvador,2009,64.3,6150,14.1,15.0,44.8
El Salvador,2010,64.7,6280,16.7,15.8,44.1
El Salvador,2011,64.7,6490,17.8,15.3,43.4
El Salvador,2012,64.7,6650,17.8,16.2,42.5
El Salvador,2013,65.3,6760,17.2,17.1,41.9
El Salvador,2014,65.3,6850,16.4,16.7,41.5
El Salvador,2015,66.4,6980,15.6,16.9,41.1
El Salvador,2016,66.4,7120,15.1,17.6,40.4
Equatorial Guinea,2006,20.9,32600,26.5,9.67,40.0
Equatorial Guinea,2007,21.4,35900,29.6,7.55,40.0
Equatorial Guinea,2008,21.9,40400,27.5,7.79,40.0
Equatorial Guinea,2009,20.1,39100,39.4,12.8,40.0
Equatorial Guinea,2010,18.4,34000,38.1,7.59,40.0
Equatorial Guinea,2011,17.7,34600,32.0,7.02,40.0
Equatorial Guinea,2012,18.3,35900,41.1,8.74,40.0
Equatorial Guinea,2013,17.7,33000,30.3,8.52,40.0
Equatorial Guinea,2014,16.6,31700,28.7,8.3,40.0
Equatorial Guinea,2015,17.7,27700,24.7,11.5,40.0
Equatorial Guinea,2016,17.0,24300,16.6,,40.0
Estonia,2006,77.4,25300,39.3,1.28,32.9
Estonia,2007,77.1,27400,39.3,1.3,32.3
Estonia,2008,76.8,26000,30.7,1.24,32.0
Estonia,2009,76.8,22200,20.7,1.37,31.8
Estonia,2010,76.8,22700,21.3,1.27,32.2
Estonia,2011,76.1,24500,25.1,1.23,32.8
Estonia,2012,76.1,25700,29.1,1.27,33.4
Estonia,2013,76.1,26300,26.9,1.29,33.5
Estonia,2014,77.4,27100,27.1,1.34,33.6
Estonia,2015,78.5,27600,24.9,1.4,33.5
Estonia,2016,78.5,28600,24.2,1.43,33.1
Ethiopia,2006,47.2,794,0.0,8.26,30.5
Ethiopia,2007,46.2,860,0.0,7.81,30.9
Ethiopia,2008,45.2,928,0.0,7.81,31.5
Ethiopia,2009,41.0,982,0.0,6.58,32.1
Ethiopia,2010,36.8,1080,0.0,8.16,32.7
Ethiopia,2011,37.9,1160,32.1,9.21,33.5
Ethiopia,2012,37.2,1230,37.1,9.38,34.5
Ethiopia,2013,38.3,1320,34.1,8.76,35.5
Ethiopia,2014,37.2,1410,38.0,,36.7
Ethiopia,2015,38.3,1520,40.7,,37.7
Ethiopia,2016,36.0,1620,38.0,,38.4
Fiji,2006,56.6,7510,22.5,23.2,39.2
Fiji,2007,53.9,7370,21.1,,39.6
Fiji,2008,51.1,7370,24.9,,39.8
Fiji,2009,43.6,7190,,,39.7
Fiji,2010,36.2,7350,,21.8,39.4
Fiji,2011,36.7,7520,21.0,23.0,38.9
Fiji,2012,36.7,7610,17.3,23.2,38.2
Fiji,2013,36.1,7970,27.6,23.6,37.6
Fiji,2014,56.1,8410,19.0,24.6,37.1
Fiji,2015,56.9,8780,17.9,25.5,36.8
Fiji,2016,56.4,8970,20.0,,36.7
Finland,2006,92.5,40500,24.0,21.5,27.9
Finland,2007,92.5,42500,25.5,21.1,27.8
Finland,2008,92.5,42600,25.1,20.5,27.9
Finland,2009,92.2,38900,21.2,19.0,27.8
Finland,2010,91.9,39800,21.6,18.7,27.5
Finland,2011,90.6,40700,23.5,20.1,27.4
Finland,2012,90.6,39900,22.5,20.3,27.3
Finland,2013,90.3,39400,21.4,20.7,27.2
Finland,2014,90.3,39000,20.9,20.8,27.1
Finland,2015,90.3,39100,20.9,20.7,27.1
Finland,2016,90.3,40100,21.9,21.0,27.0
France,2006,80.7,37000,23.2,22.6,31.1
France,2007,80.7,37700,24.2,22.1,31.5
France,2008,80.7,37600,24.1,22.0,32.3
France,2009,79.2,36300,21.3,20.7,33.0
France,2010,77.7,36800,21.9,22.0,33.2
France,2011,77.7,37400,23.2,21.8,33.1
France,2012,78.8,37400,22.6,22.6,33.0
France,2013,79.2,37400,22.3,23.2,32.8
France,2014,80.4,37600,22.7,23.2,32.7
France,2015,79.2,37800,22.7,23.2,32.6
France,2016,79.2,38100,22.7,23.1,32.6
Gambia,2006,43.9,1410,24.3,7.98,46.3
Gambia,2007,42.9,1420,19.1,13.0,45.7
Gambia,2008,41.9,1450,15.9,14.7,45.2
Gambia,2009,37.9,1500,19.6,15.1,44.6
Gambia,2010,33.8,1550,21.3,,43.9
Gambia,2011,33.8,1440,18.9,,43.0
Gambia,2012,33.1,1480,27.8,,41.8
Gambia,2013,33.1,1500,20.0,,40.5
Gambia,2014,30.5,1440,20.9,,39.0
Gambia,2015,29.7,1480,19.7,,37.8
Gambia,2016,29.1,1440,18.7,,36.8
Germany,2006,88.2,39100,19.8,10.8,31.0
Germany,2007,88.2,40500,20.7,11.3,31.0
Germany,2008,88.2,41000,20.9,11.4,30.9
Germany,2009,86.0,38800,18.1,11.6,30.7
Germany,2010,83.8,40400,19.6,11.1,30.6
Germany,2011,83.4,42700,21.1,11.4,30.7
Germany,2012,83.4,42800,19.3,11.6,30.8
Germany,2013,83.1,42900,19.5,11.6,31.1
Germany,2014,86.4,43700,19.5,11.5,31.4
Germany,2015,86.4,44000,19.1,11.4,31.6
Germany,2016,86.3,44700,19.2,11.2,31.7
Ghana,2006,53.5,2600,23.0,,42.5
Ghana,2007,53.5,2650,15.4,,42.6
Ghana,2008,53.5,2810,16.5,,42.7
Ghana,2009,56.9,2880,16.4,,42.6
Ghana,2010,60.2,3030,13.1,13.7,42.5
Ghana,2011,60.2,3370,12.8,,42.5
Ghana,2012,60.2,3600,17.0,,42.4
Ghana,2013,63.3,3770,13.3,,42.4
Ghana,2014,63.3,3790,18.8,,42.4
Ghana,2015,68.6,3790,16.7,,42.4
Ghana,2016,67.5,3830,14.5,,42.4
Greece,2006,81.3,31100,26.2,20.0,34.2
Greece,2007,81.3,32100,27.1,20.2,34.2
Greece,2008,81.3,31900,24.5,20.2,34.1
Greece,2009,80.3,30400,18.3,19.8,34.0
Greece,2010,79.2,28700,17.0,20.2,34.5
Greece,2011,76.5,26100,15.1,22.1,35.0
Greece,2012,76.5,24400,12.8,23.6,35.4
Greece,2013,76.5,23700,11.6,23.7,35.8
Greece,2014,74.5,24100,11.9,24.4,36.0
Greece,2015,74.5,24100,9.82,24.9,36.0
Greece,2016,72.3,24200,10.6,26.7,36.0
Guatemala,2006,60.7,6460,20.8,11.9,54.1
Guatemala,2007,60.7,6710,20.8,12.1,53.6
Guatemala,2008,60.7,6780,16.4,11.3,53.0
Guatemala,2009,60.6,6670,13.1,10.3,52.2
Guatemala,2010,60.5,6710,13.9,10.4,51.4
Guatemala,2011,58.8,6850,15.2,10.8,50.7
Guatemala,2012,58.8,6900,15.0,10.8,49.9
Guatemala,2013,58.1,7010,14.0,10.9,49.2
Guatemala,2014,58.1,7150,13.7,10.8,48.8
Guatemala,2015,59.2,7290,13.6,10.2,48.5
Guatemala,2016,59.2,7370,12.9,10.4,48.3
Honduras,2006,62.5,3810,28.3,15.2,57.3
Honduras,2007,62.1,3950,33.7,16.4,55.9
Honduras,2008,61.8,4030,36.1,16.1,54.6
Honduras,2009,59.7,3850,20.6,14.2,54.4
Honduras,2010,57.6,3910,21.9,14.4,54.4
Honduras,2011,58.4,3980,26.0,14.8,53.9
Honduras,2012,58.4,4070,24.6,14.7,53.7
Honduras,2013,58.4,4110,21.8,15.1,53.0
Honduras,2014,58.4,4160,22.2,16.5,51.7
Honduras,2015,58.4,4250,25.1,17.3,50.5
Honduras,2016,59.2,4340,23.3,,50.0
Hungary,2006,75.3,23400,25.7,19.8,29.6
Hungary,2007,74.8,23500,24.2,21.4,29.0
Hungary,2008,74.4,23700,24.7,23.3,28.4
Hungary,2009,73.3,22200,20.3,23.3,28.5
Hungary,2010,72.1,22400,20.7,22.8,28.8
Hungary,2011,70.4,22800,20.5,21.1,29.6
Hungary,2012,69.6,22600,19.5,22.9,30.4
Hungary,2013,69.6,23100,21.0,22.7,30.6
Hungary,2014,69.0,24200,23.3,23.0,30.8
Hungary,2015,68.4,25100,21.8,23.4,30.7
Hungary,2016,67.2,25700,19.8,23.4,30.5
Iceland,2006,97.1,41800,36.0,27.4,29.7
Iceland,2007,96.8,44600,29.8,26.2,29.8
Iceland,2008,96.5,44700,25.8,23.2,29.3
Iceland,2009,96.5,41500,14.8,20.1,28.6
Iceland,2010,96.5,40100,13.8,20.7,28.0
Iceland,2011,96.5,40800,15.4,21.2,26.8
Iceland,2012,96.5,41100,16.0,22.1,26.6
Iceland,2013,96.5,42400,15.4,22.7,26.9
Iceland,2014,95.8,42800,17.3,25.3,27.1
Iceland,2015,95.8,44200,19.1,23.5,27.3
Iceland,2016,95.0,46800,21.5,38.5,27.8
India,2006,76.8,3630,39.7,11.4,34.2
India,2007,77.4,3850,42.5,12.3,34.4
India,2008,78.0,3910,38.2,11.1,34.6
India,2009,75.4,4160,40.7,9.94,34.7
India,2010,72.8,4450,40.7,10.5,34.9
India,2011,73.0,4630,39.6,10.2,35.0
India,2012,75.2,4820,38.3,10.8,35.1
India,2013,76.9,5070,34.0,11.0,35.1
India,2014,79.2,5380,34.3,,35.1
India,2015,77.4,5740,31.8,,35.1
India,2016,78.1,6150,30.3,,35.1
Indonesia,2006,64.1,7120,25.4,,33.8
Indonesia,2007,63.8,7470,24.9,,34.4
Indonesia,2008,63.4,7820,27.8,13.3,35.2
Indonesia,2009,64.3,8070,31.0,11.1,36.4
Indonesia,2010,65.3,8460,32.9,10.5,37.3
Indonesia,2011,65.3,8860,33.0,11.2,38.2
Indonesia,2012,67.6,9270,35.1,11.4,39.0
Indonesia,2013,68.2,9650,33.8,11.3,39.7
Indonesia,2014,69.5,10000,34.6,10.8,39.4
Indonesia,2015,70.3,10400,34.1,10.8,39.1
Indonesia,2016,69.7,10700,33.8,10.3,38.9
Iran,2006,29.3,16400,38.6,6.22,43.7
Iran,2007,28.8,17500,39.7,5.94,43.4
Iran,2008,28.3,17400,41.8,6.2,42.9
Iran,2009,23.9,17300,40.9,7.36,41.9
Iran,2010,19.4,18100,40.3,,40.8
Iran,2011,19.8,18400,36.9,,39.7
Iran,2012,19.8,16800,40.3,,39.1
Iran,2013,19.8,16600,38.7,,38.6
Iran,2014,19.8,17100,39.9,,38.4
Iran,2015,21.6,16700,34.0,,38.5
Iran,2016,23.4,18700,33.2,,38.8
Iraq,2006,40.1,11800,18.9,,28.6
Iraq,2007,40.0,11800,9.34,,28.7
Iraq,2008,40.0,12500,15.2,,28.8
Iraq,2009,40.0,12700,11.3,,29.0
Iraq,2010,40.0,13200,15.9,,29.2
Iraq,2011,40.3,13700,15.5,,29.3
Iraq,2012,41.0,15000,13.4,,29.4
Iraq,2013,41.0,15600,26.9,,29.5
Iraq,2014,42.3,15100,25.7,0.89,29.5
Iraq,2015,40.8,15000,24.4,1.23,29.5
Iraq,2016,40.8,16500,20.6,2.02,29.5
Ireland,2006,90.1,47600,31.9,26.8,32.6
Ireland,2007,90.1,48700,29.2,25.9,32.4
Ireland,2008,90.1,45700,24.6,23.7,32.1
Ireland,2009,89.0,42900,20.2,22.0,32.1
Ireland,2010,87.9,43500,17.3,21.8,32.4
Ireland,2011,85.6,44900,17.2,21.8,32.9
Ireland,2012,85.6,44800,20.2,22.5,32.8
Ireland,2013,86.8,45200,18.8,22.8,32.7
Ireland,2014,87.2,48800,22.4,23.2,32.4
Ireland,2015,88.5,60500,21.2,18.9,32.2
Ireland,2016,91.5,62800,32.7,18.8,31.8
Israel,2006,72.8,27600,20.5,26.1,41.3
Israel,2007,73.8,28700,21.2,26.1,41.5
Israel,2008,74.8,29000,20.0,23.8,41.7
Israel,2009,74.8,28600,18.3,21.9,41.8
Israel,2010,74.8,29700,18.4,22.5,41.9
Israel,2011,75.3,30600,20.4,22.7,41.9
Israel,2012,75.3,30600,21.2,22.1,41.7
Israel,2013,75.3,31300,20.0,23.0,41.5
Israel,2014,76.3,31900,20.2,23.3,41.4
Israel,2015,77.7,32100,19.8,23.4,41.4
Israel,2016,78.5,32700,20.5,23.4,41.4
Italy,2006,77.3,38200,21.9,22.1,33.7
Italy,2007,78.5,38600,22.2,22.4,33.6
Italy,2008,79.8,38000,21.8,21.9,33.8
Italy,2009,79.0,35700,19.4,22.4,34.1
Italy,2010,78.3,36200,20.5,22.3,34.5
Italy,2011,77.4,36300,20.5,22.3,34.7
Italy,2012,77.4,35200,17.9,23.6,34.9
Italy,2013,78.5,34200,17.0,23.7,35.0
Italy,2014,78.5,33900,17.0,23.5,35.1
Italy,2015,79.8,34300,17.3,23.4,35.2
Italy,2016,79.8,34700,17.1,23.7,35.3
Jamaica,2006,73.4,8630,28.4,24.0,45.5
Jamaica,2007,72.8,8710,26.6,24.8,45.5
Jamaica,2008,72.1,8590,24.4,24.7,45.5
Jamaica,2009,72.1,8180,21.1,25.0,45.5
Jamaica,2010,72.1,8020,20.2,24.3,45.5
Jamaica,2011,71.3,8110,21.4,23.4,45.5
Jamaica,2012,73.9,8020,19.9,24.3,45.5
Jamaica,2013,73.9,8010,21.3,24.0,45.5
Jamaica,2014,73.9,8020,22.5,24.1,45.5
Jamaica,2015,73.9,8050,21.3,24.8,45.5
Jamaica,2016,73.9,8120,21.3,26.1,45.5
Japan,2006,81.5,36100,24.7,10.5,32.0
Japan,2007,82.0,36700,24.5,10.1,32.0
Japan,2008,82.5,36300,24.5,8.93,31.9
Japan,2009,81.7,34300,21.3,8.37,32.1
Japan,2010,80.8,35800,21.3,8.81,32.1
Japan,2011,80.8,35800,22.1,9.36,32.1
Japan,2012,80.8,36400,22.7,9.68,32.1
Japan,2013,80.8,37100,23.2,10.4,32.1
Japan,2014,80.8,37300,23.9,11.5,32.1
Japan,2015,79.6,37800,24.0,11.4,32.1
Japan,2016,79.9,38100,23.6,11.1,32.1
Jordan,2006,39.2,9090,28.3,,34.7
Jordan,2007,39.3,9420,30.3,,33.9
Jordan,2008,39.3,9630,29.9,17.8,33.5
Jordan,2009,38.4,9660,26.3,17.0,33.3
Jordan,2010,37.4,9390,24.0,16.0,33.2
Jordan,2011,38.9,9120,25.5,15.0,33.3
Jordan,2012,37.6,8870,26.9,15.3,33.6
Jordan,2013,37.6,8660,28.1,15.3,33.7
Jordan,2014,37.6,8530,28.0,,33.7
Jordan,2015,38.6,8410,24.1,,33.7
Jordan,2016,39.6,8320,22.2,,33.7
Kazakhstan,2006,36.2,17500,33.9,,30.4
Kazakhstan,2007,35.4,18900,35.5,,29.6
Kazakhstan,2008,34.5,19300,27.5,,29.0
Kazakhstan,2009,33.8,19000,29.4,,28.6
Kazakhstan,2010,33.0,20100,25.4,15.7,28.2
Kazakhstan,2011,32.4,21300,23.0,18.3,27.9
Kazakhstan,2012,29.5,22000,25.2,13.3,27.6
Kazakhstan,2013,30.6,23000,24.6,16.0,27.4
Kazakhstan,2014,31.7,23600,25.8,14.2,27.2
Kazakhstan,2015,30.6,23500,27.9,9.84,26.9
Kazakhstan,2016,30.6,23400,27.8,9.92,26.9
Kenya,2006,50.8,2270,18.6,,46.0
Kenya,2007,49.4,2360,20.5,,45.7
Kenya,2008,47.9,2300,19.6,,45.3
Kenya,2009,47.5,2310,19.3,,44.7
Kenya,2010,47.1,2440,20.8,,44.2
Kenya,2011,47.1,2520,21.7,,43.6
Kenya,2012,47.1,2560,21.5,,43.0
Kenya,2013,51.3,2640,20.1,,42.5
Kenya,2014,51.3,2710,22.4,16.9,41.9
Kenya,2015,53.3,2800,21.5,16.3,41.5
Kenya,2016,53.3,2890,17.3,15.8,41.1
Kuwait,2006,30.9,96400,16.2,0.97,40.0
Kuwait,2007,32.4,96800,20.5,1.09,40.0
Kuwait,2008,33.9,93600,17.6,0.8759999999999999,40.0
Kuwait,2009,36.4,81900,18.0,0.971,40.0
Kuwait,2010,38.8,75400,17.7,0.9790000000000001,40.0
Kuwait,2011,37.4,78000,13.5,0.8,40.0
Kuwait,2012,37.8,78700,12.8,0.716,40.0
Kuwait,2013,37.8,75600,14.4,0.777,40.0
Kuwait,2014,37.8,72600,16.3,0.89,40.0
Kuwait,2015,38.5,70300,25.4,1.38,40.0
Kuwait,2016,38.5,70100,27.0,,40.0
Kyrgyz Republic,2006,40.8,2420,24.2,,34.0
Kyrgyz Republic,2007,40.6,2600,26.6,,33.0
Kyrgyz Republic,2008,40.5,2790,28.9,,32.5
Kyrgyz Republic,2009,41.8,2840,27.3,,30.6
Kyrgyz Republic,2010,43.1,2790,27.4,,29.3
Kyrgyz Republic,2011,43.4,2920,25.5,,28.8
Kyrgyz Republic,2012,46.9,2870,35.0,,28.2
Kyrgyz Republic,2013,46.9,3120,33.9,17.6,28.0
Kyrgyz Republic,2014,52.4,3180,36.8,17.5,27.8
Kyrgyz Republic,2015,53.3,3230,34.7,16.8,27.6
Kyrgyz Republic,2016,49.3,3310,33.9,16.9,27.2
Lao,2006,21.0,3330,30.1,,34.3
Lao,2007,21.0,3520,32.3,,34.7
Lao,2008,21.0,3740,31.7,12.1,35.2
Lao,2009,21.0,3950,33.9,12.8,35.5
Lao,2010,21.0,4220,27.5,13.0,35.8
Lao,2011,21.0,4490,28.1,13.1,36.0
Lao,2012,23.2,4770,32.5,13.6,36.1
Lao,2013,22.1,5080,30.6,13.7,36.3
Lao,2014,22.1,5390,29.8,13.8,36.3
Lao,2015,22.1,5690,31.6,13.5,36.4
Lao,2016,23.7,6000,29.0,12.9,36.4
Latvia,2006,73.7,19800,39.2,22.2,36.7
Latvia,2007,73.0,21900,41.5,21.7,36.6
Latvia,2008,72.3,21400,35.1,20.8,35.9
Latvia,2009,71.4,18600,22.0,18.8,35.9
Latvia,2010,70.5,18300,19.3,19.8,35.6
Latvia,2011,70.5,19800,25.2,20.0,35.4
Latvia,2012,70.5,20800,26.2,21.1,35.3
Latvia,2013,70.5,21600,24.3,22.0,35.2
Latvia,2014,74.8,22200,22.7,22.4,34.9
Latvia,2015,73.7,23000,22.2,22.8,34.6
Latvia,2016,73.1,23700,19.6,23.9,34.4
Lebanon,2006,58.2,10600,20.4,15.2,31.8
Lebanon,2007,57.2,11500,24.1,15.1,31.8
Lebanon,2008,56.2,12600,28.2,16.4,31.8
Lebanon,2009,57.2,13700,27.1,16.8,31.8
Lebanon,2010,58.2,14400,25.2,16.9,31.8
Lebanon,2011,53.2,13800,26.8,16.3,31.8
Lebanon,2012,50.5,13400,24.3,15.2,31.8
Lebanon,2013,50.5,12800,27.7,14.3,31.8
Lebanon,2014,51.2,12300,24.2,14.2,31.8
Lebanon,2015,48.6,11900,21.4,13.6,31.8
Lebanon,2016,48.6,11800,24.8,13.9,31.8
Lesotho,2006,64.8,2000,,48.0,52.7
Lesotho,2007,63.9,2100,22.4,49.3,53.1
Lesotho,2008,62.9,2240,25.7,51.2,53.4
Lesotho,2009,61.5,2290,27.7,58.4,53.7
Lesotho,2010,60.2,2420,28.4,37.3,54.0
Lesotho,2011,63.3,2580,22.7,34.8,54.1
Lesotho,2012,66.6,2720,32.0,48.0,54.2
Lesotho,2013,66.6,2750,29.7,45.9,54.2
Lesotho,2014,66.6,2810,31.4,45.2,54.2
Lesotho,2015,65.9,2870,28.8,40.6,54.2
Lesotho,2016,65.9,2940,28.3,34.2,54.2
Liberia,2006,52.2,982,19.5,13.4,36.4
Liberia,2007,52.4,1030,19.5,19.0,36.2
Liberia,2008,52.5,1060,19.5,20.0,35.9
Liberia,2009,51.6,1080,19.5,,35.6
Liberia,2010,50.7,1100,19.5,17.3,35.1
Liberia,2011,50.7,1150,19.5,17.3,34.6
Liberia,2012,49.5,1210,19.5,20.9,34.2
Liberia,2013,49.5,1280,19.5,20.3,33.8
Liberia,2014,49.5,1260,19.5,,33.5
Liberia,2015,49.5,1230,20.2,,33.3
Liberia,2016,53.1,1180,20.1,,33.2
Lithuania,2006,74.3,20200,26.7,5.93,35.4
Lithuania,2007,74.0,22700,32.1,5.89,35.6
Lithuania,2008,73.6,23600,27.9,5.93,35.3
Lithuania,2009,73.0,20300,12.4,4.93,34.9
Lithuania,2010,72.4,21100,18.0,4.62,35.0
Lithuania,2011,72.4,22900,21.7,4.49,34.7
Lithuania,2012,72.4,24000,19.4,4.51,34.8
Lithuania,2013,75.4,25100,19.5,4.53,35.6
Lithuania,2014,75.4,26300,19.0,4.59,36.6
Lithuania,2015,75.4,27000,20.6,4.82,37.0
Lithuania,2016,74.7,28000,17.2,4.93,37.4
Luxembourg,2006,91.0,91700,18.3,24.2,31.1
Luxembourg,2007,91.0,97900,19.2,24.7,31.3
Luxembourg,2008,91.0,94900,20.7,24.7,31.3
Luxembourg,2009,89.9,89100,16.2,25.1,31.5
Luxembourg,2010,88.8,91700,17.9,25.0,32.1
Luxembourg,2011,88.8,92000,19.4,24.6,32.0
Luxembourg,2012,88.8,89500,19.4,25.7,32.0
Luxembourg,2013,88.8,90700,19.0,25.9,32.7
Luxembourg,2014,88.8,92300,18.8,25.6,33.0
Luxembourg,2015,88.8,93700,18.1,25.0,32.9
Luxembourg,2016,88.1,93900,17.9,25.7,33.3
Madagascar,2006,58.2,1420,25.3,10.7,40.9
Madagascar,2007,57.0,1460,29.6,11.4,40.9
Madagascar,2008,55.7,1520,40.3,,41.4
Madagascar,2009,47.5,1420,34.8,,41.8
Madagascar,2010,39.4,1390,20.8,,42.2
Madagascar,2011,39.3,1370,17.6,,42.4
Madagascar,2012,39.3,1370,17.6,,42.6
Madagascar,2013,43.2,1360,15.9,,42.6
Madagascar,2014,44.2,1370,15.6,,42.7
Madagascar,2015,48.5,1380,13.1,,42.7
Madagascar,2016,50.7,1400,14.8,,42.7
Malawi,2006,49.7,884,20.0,,41.7
Malawi,2007,50.5,942,23.1,,41.7
Malawi,2008,51.3,986,23.2,,42.7
Malawi,2009,54.9,1040,24.5,14.5,43.6
Malawi,2010,58.4,1080,22.8,15.4,44.4
Malawi,2011,58.4,1100,12.4,15.5,44.9
Malawi,2012,60.8,1090,12.0,13.6,45.3
Malawi,2013,60.0,1110,12.7,14.1,45.5
Malawi,2014,56.6,1140,12.0,15.9,45.5
Malawi,2015,55.5,1140,12.2,15.2,45.5
Malawi,2016,55.5,1140,10.8,15.5,45.5
Malaysia,2006,59.8,19200,22.7,14.5,46.0
Malaysia,2007,61.7,20000,23.4,14.3,45.9
Malaysia,2008,63.6,20600,21.5,14.7,45.6
Malaysia,2009,62.8,19900,17.8,14.9,45.2
Malaysia,2010,61.9,21000,23.4,13.3,44.5
Malaysia,2011,61.9,21800,23.2,14.8,43.6
Malaysia,2012,64.1,22700,25.7,15.6,42.8
Malaysia,2013,64.9,23400,25.9,15.3,42.1
Malaysia,2014,64.9,24500,25.0,14.8,41.5
Malaysia,2015,64.3,25400,25.1,14.3,41.2
Malaysia,2016,65.4,26100,25.9,13.8,41.1
Mali,2006,59.9,1790,21.2,13.3,38.2
Mali,2007,59.3,1790,23.9,13.1,37.2
Mali,2008,58.7,1810,24.2,11.9,36.0
Mali,2009,59.4,1840,22.0,13.0,34.8
Mali,2010,60.1,1880,24.0,12.9,33.9
Mali,2011,63.6,1880,19.7,12.5,33.3
Mali,2012,51.2,1810,17.2,13.0,33.0
Mali,2013,59.0,1800,17.8,13.0,33.0
Mali,2014,57.9,1870,17.6,12.6,33.0
Mali,2015,57.0,1920,17.4,14.1,33.0
Mali,2016,57.0,1970,17.4,15.4,33.0
Malta,2006,83.9,26700,21.3,60.2,28.5
Malta,2007,83.9,27700,21.0,62.9,28.9
Malta,2008,83.9,28400,21.7,26.1,29.1
Malta,2009,83.3,27500,20.8,26.5,29.3
Malta,2010,82.8,28300,23.6,26.1,29.4
Malta,2011,82.8,28600,19.4,26.1,29.3
Malta,2012,82.8,29100,18.0,26.4,29.1
Malta,2013,82.8,30000,19.0,26.8,29.2
Malta,2014,83.9,31900,17.7,26.9,29.2
Malta,2015,83.9,34500,23.9,25.6,29.2
Malta,2016,83.9,35600,23.1,26.2,29.3
Mauritius,2006,80.4,13400,25.6,16.0,35.5
Mauritius,2007,80.4,14100,26.0,15.1,35.6
Mauritius,2008,80.4,14900,25.3,17.0,35.7
Mauritius,2009,80.4,15300,23.8,18.1,35.7
Mauritius,2010,80.4,15900,27.1,18.0,35.8
Mauritius,2011,80.4,16600,23.9,18.0,35.8
Mauritius,2012,81.7,17100,24.4,18.6,35.8
Mauritius,2013,81.7,17600,22.0,18.4,35.8
Mauritius,2014,81.7,18300,19.7,18.5,35.8
Mauritius,2015,82.8,18900,18.1,8.99,35.8
Mauritius,2016,82.8,19600,17.9,18.1,35.8
Mexico,2006,66.7,16600,22.8,,48.4
Mexico,2007,67.3,16800,23.1,,47.9
Mexico,2008,67.8,16700,24.1,10.0,47.3
Mexico,2009,68.5,15600,22.9,9.68,46.9
Mexico,2010,69.3,16200,22.8,10.1,46.8
Mexico,2011,69.3,16500,23.3,10.0,46.8
Mexico,2012,69.0,16900,23.9,9.77,46.9
Mexico,2013,69.1,16900,22.5,10.3,46.9
Mexico,2014,66.8,17200,21.9,10.6,46.8
Mexico,2015,65.5,17500,23.3,12.8,46.5
Mexico,2016,64.7,17800,23.7,13.6,46.3
Moldova,2006,65.0,4210,32.7,19.6,35.2
Moldova,2007,65.0,4340,38.1,20.6,34.7
Moldova,2008,65.0,4690,39.2,20.4,33.9
Moldova,2009,64.2,4420,23.1,17.7,32.9
Moldova,2010,63.3,4730,23.5,18.2,31.9
Moldova,2011,63.3,5010,24.2,18.3,30.7
Moldova,2012,63.2,4980,23.6,18.6,29.4
Moldova,2013,63.2,5440,24.7,18.4,28.4
Moldova,2014,63.2,5710,26.1,19.8,27.6
Moldova,2015,63.5,5700,22.7,19.5,27.0
Moldova,2016,60.1,5950,22.3,19.3,26.6
Mongolia,2006,66.0,6480,35.9,28.7,34.8
Mongolia,2007,66.0,7050,38.7,23.5,35.0
Mongolia,2008,66.0,7570,43.6,21.7,34.7
Mongolia,2009,64.8,7350,34.4,16.5,34.5
Mongolia,2010,63.6,7690,42.1,19.6,34.2
Mongolia,2011,62.3,8850,58.2,18.5,33.6
Mongolia,2012,63.5,9750,55.9,15.3,33.1
Mongolia,2013,65.1,10700,53.3,15.7,33.0
Mongolia,2014,66.2,11300,35.2,12.9,32.6
Mongolia,2015,66.2,11300,26.4,11.8,32.4
Mongolia,2016,66.2,11200,29.4,11.3,32.3
Morocco,2006,39.0,5710,30.9,21.5,40.7
Morocco,2007,38.9,5850,33.9,23.9,40.6
Morocco,2008,38.8,6120,39.1,26.5,40.5
Morocco,2009,38.4,6300,35.0,23.5,40.4
Morocco,2010,37.9,6460,34.1,22.8,40.2
Morocco,2011,38.3,6700,35.8,23.3,40.1
Morocco,2012,40.7,6810,35.0,,39.9
Morocco,2013,40.7,7020,34.7,,39.8
Morocco,2014,40.0,7110,32.2,,39.7
Morocco,2015,46.6,7330,30.2,,39.6
Morocco,2016,47.7,7310,33.1,,39.6
Mozambique,2006,52.8,809,18.0,,46.3
Mozambique,2007,53.9,846,15.1,,46.1
Mozambique,2008,54.9,879,17.3,,46.2
Mozambique,2009,52.0,910,14.7,,46.6
Mozambique,2010,49.0,945,18.3,16.1,47.3
Mozambique,2011,49.0,984,25.7,18.7,48.4
Mozambique,2012,48.8,1030,47.4,20.4,49.8
Mozambique,2013,47.7,1070,54.5,23.1,51.2
Mozambique,2014,46.6,1120,55.4,25.4,52.3
Mozambique,2015,46.0,1160,45.3,21.9,53.2
Mozambique,2016,40.2,1170,38.3,20.1,53.7
Myanmar,2006,17.7,2530,,,38.1
Myanmar,2007,17.7,2820,,,38.1
Myanmar,2008,17.7,3080,15.6,,38.1
Myanmar,2009,17.7,3390,18.9,,38.1
Myanmar,2010,17.7,3690,23.2,,38.1
Myanmar,2011,17.7,3870,29.2,,38.1
Myanmar,2012,23.5,4110,30.9,4.52,38.1
Myanmar,2013,27.6,4420,31.8,5.53,38.1
Myanmar,2014,30.5,4740,35.4,5.84,38.1
Myanmar,2015,41.4,5030,34.9,6.01,38.1
Myanmar,2016,42.0,5290,32.9,6.41,38.1
Namibia,2006,65.4,8110,22.3,29.1,62.5
Namibia,2007,65.1,8390,24.4,30.9,62.1
Namibia,2008,64.8,8460,27.8,30.1,61.8
Namibia,2009,63.5,8330,26.5,29.4,61.4
Namibia,2010,62.3,8680,24.1,25.9,61.0
Namibia,2011,62.4,8960,22.4,30.0,60.7
Namibia,2012,62.4,9250,26.7,32.9,60.3
Namibia,2013,62.4,9600,25.1,31.5,60.0
Namibia,2014,62.4,10000,33.6,33.6,59.7
Namibia,2015,63.1,10500,33.8,32.5,59.5
Namibia,2016,63.1,10400,23.7,28.5,59.3
Nepal,2006,34.2,1710,26.9,8.78,40.6
Nepal,2007,37.4,1750,28.7,9.77,39.1
Nepal,2008,40.5,1840,30.3,10.4,37.5
Nepal,2009,41.5,1910,31.7,11.8,36.0
Nepal,2010,42.4,1990,38.3,13.4,34.7
Nepal,2011,42.4,2050,38.0,13.3,33.8
Nepal,2012,41.6,2160,34.5,13.9,33.2
Nepal,2013,47.7,2250,37.3,15.3,32.8
Nepal,2014,47.7,2390,41.2,15.9,32.8
Nepal,2015,47.7,2460,39.1,16.7,32.8
Nepal,2016,48.6,2450,33.7,18.7,32.8
Netherlands,2006,96.6,45300,21.5,21.8,29.6
Netherlands,2007,96.0,46900,22.3,21.9,29.2
Netherlands,2008,95.3,47700,22.4,21.4,28.9
Netherlands,2009,92.6,45700,20.9,21.0,28.5
Netherlands,2010,89.9,46100,20.4,21.3,28.1
Netherlands,2011,89.9,46600,20.5,20.4,27.8
Netherlands,2012,89.9,45900,19.2,19.6,28.0
Netherlands,2013,88.4,45800,18.2,19.9,28.1
Netherlands,2014,89.2,46200,18.5,20.9,28.2
Netherlands,2015,89.2,46900,19.9,21.5,28.3
Netherlands,2016,88.0,47700,20.1,22.2,28.3
New Zealand,2006,90.1,32400,23.7,32.0,32.8
New Zealand,2007,91.0,33100,24.8,30.1,32.7
New Zealand,2008,91.9,32500,22.7,31.5,32.6
New Zealand,2009,92.3,32100,19.7,29.6,33.1
New Zealand,2010,92.6,32200,20.1,26.1,33.2
New Zealand,2011,92.6,32700,20.4,25.6,33.2
New Zealand,2012,92.6,33300,20.9,26.8,33.5
New Zealand,2013,92.6,33900,22.0,26.6,34.0
New Zealand,2014,92.6,34600,22.9,26.8,34.0
New Zealand,2015,92.6,35200,23.4,27.4,34.5
New Zealand,2016,92.6,35700,24.4,27.2,34.8
Nicaragua,2006,56.8,3820,28.3,13.7,44.6
Nicaragua,2007,58.8,3960,31.3,13.9,44.3
Nicaragua,2008,60.7,4040,33.6,13.2,44.2
Nicaragua,2009,59.0,3850,23.2,13.1,44.3
Nicaragua,2010,57.3,3970,24.8,13.7,44.5
Nicaragua,2011,55.6,4160,31.0,14.5,44.8
Nicaragua,2012,55.6,4380,31.0,15.0,45.3
Nicaragua,2013,54.6,4530,30.9,15.0,45.6
Nicaragua,2014,53.2,4690,28.9,15.3,45.9
Nicaragua,2015,52.6,4850,32.7,15.8,46.1
Nicaragua,2016,48.1,5000,30.7,16.3,46.2
Nigeria,2006,35.2,4260,8.27,2.41,41.0
Nigeria,2007,35.3,4420,9.26,3.98,41.5
Nigeria,2008,35.3,4600,8.33,5.46,42.0
Nigeria,2009,35.0,4840,12.1,5.11,42.4
Nigeria,2010,34.7,5090,17.3,2.27,42.7
Nigeria,2011,38.3,5210,16.2,1.8,42.9
Nigeria,2012,37.7,5290,14.9,1.56,43.0
Nigeria,2013,37.7,5500,14.9,1.48,43.0
Nigeria,2014,37.6,5690,15.8,,43.0
Nigeria,2015,46.2,5690,15.5,,43.0
Nigeria,2016,45.0,5450,15.3,,43.0
North Macedonia,2006,63.3,9850,21.4,18.1,42.2
North Macedonia,2007,62.7,10500,23.7,19.1,43.1
North Macedonia,2008,62.1,11000,27.9,18.5,43.2
North Macedonia,2009,61.9,11000,25.7,17.1,42.7
North Macedonia,2010,61.6,11400,24.5,16.9,41.5
North Macedonia,2011,61.6,11600,26.9,17.0,39.7
North Macedonia,2012,61.6,11500,28.9,16.4,38.3
North Macedonia,2013,61.6,11900,28.8,15.7,37.3
North Macedonia,2014,62.5,12300,30.3,16.2,36.4
North Macedonia,2015,60.2,12800,30.4,16.8,35.8
North Macedonia,2016,52.3,13100,32.6,16.8,35.6
Norway,2006,95.5,63900,24.2,28.9,28.5
Norway,2007,96.2,65100,27.3,28.1,27.4
Norway,2008,96.8,64600,26.1,27.9,26.5
Norway,2009,97.4,62700,24.7,25.9,26.3
Norway,2010,98.0,62400,25.4,26.8,26.0
Norway,2011,98.0,62100,25.9,27.7,25.9
Norway,2012,99.3,63000,26.5,27.0,26.0
Norway,2013,99.3,62900,27.9,25.1,26.3
Norway,2014,99.3,63400,28.1,23.5,26.8
Norway,2015,99.3,64000,27.6,22.1,27.1
Norway,2016,99.3,64200,29.3,22.0,27.4
Oman,2006,27.7,42500,27.2,1.94,40.0
Oman,2007,28.8,43100,34.3,2.7,40.0
Oman,2008,29.8,45100,36.5,2.42,40.0
Oman,2009,29.2,45700,28.2,3.39,40.0
Oman,2010,28.6,45300,25.4,2.54,40.0
Oman,2011,32.6,41900,23.8,2.27,40.0
Oman,2012,32.6,42600,27.8,2.6,40.0
Oman,2013,32.6,41300,29.8,2.52,40.0
Oman,2014,31.5,39700,24.7,,40.0
Oman,2015,30.4,39200,36.4,,40.0
Oman,2016,30.4,39200,,,40.0
Pakistan,2006,39.2,4000,19.3,10.4,32.2
Pakistan,2007,41.9,4100,18.8,9.23,32.0
Pakistan,2008,44.6,4070,19.2,9.49,31.6
Pakistan,2009,45.0,4100,17.5,8.94,31.0
Pakistan,2010,45.5,4070,15.8,9.98,30.8
Pakistan,2011,45.5,4100,14.1,9.19,30.6
Pakistan,2012,45.7,4150,15.1,,30.5
Pakistan,2013,46.4,4240,15.0,,30.9
Pakistan,2014,46.4,4350,14.6,,31.6
Pakistan,2015,44.0,4460,15.7,,32.1
Pakistan,2016,43.3,4610,15.7,,32.6
Palestine,2006,60.1,3360,23.5,4.6,34.7
Palestine,2007,59.2,3500,21.9,4.63,34.8
Palestine,2008,58.3,3610,20.6,5.06,34.9
Palestine,2009,56.4,3820,20.7,5.22,35.0
Palestine,2010,54.4,4020,21.6,5.45,34.7
Palestine,2011,49.7,4410,17.8,5.25,34.5
Palestine,2012,48.0,4570,21.1,4.56,34.4
Palestine,2013,48.0,4560,21.7,4.81,34.2
Palestine,2014,47.2,4450,19.0,5.71,34.1
Palestine,2015,45.7,4490,21.1,5.6,33.9
Palestine,2016,44.9,4600,21.1,,33.8
Papua New Guinea,2006,65.4,2620,,,45.7
Papua New Guinea,2007,65.4,2840,,,44.8
Papua New Guinea,2008,65.4,2770,,,43.8
Papua New Guinea,2009,65.4,2880,,,43.0
Papua New Guinea,2010,65.4,3100,,,42.4
Papua New Guinea,2011,63.2,3070,,,42.0
Papua New Guinea,2012,63.2,3150,,,41.9
Papua New Guinea,2013,63.6,3200,,,41.9
Papua New Guinea,2014,60.3,3560,,18.0,41.9
Papua New Guinea,2015,60.3,3820,,16.0,41.9
Papua New Guinea,2016,60.3,3900,,13.5,41.9
Paraguay,2006,61.6,8280,17.1,10.5,52.1
Paraguay,2007,62.8,8610,15.8,10.1,51.5
Paraguay,2008,64.0,9030,16.4,10.8,51.4
Paraguay,2009,64.0,8880,13.8,11.7,51.2
Paraguay,2010,64.0,9740,16.2,12.1,50.2
Paraguay,2011,64.0,10000,17.1,12.6,49.6
Paraguay,2012,62.6,9830,15.1,12.8,49.9
Paraguay,2013,62.6,10500,15.4,12.0,49.2
Paraguay,2014,62.6,10900,16.3,12.7,48.4
Paraguay,2015,63.3,11100,16.8,12.9,48.4
Paraguay,2016,62.7,11400,18.0,12.6,48.4
Peru,2006,61.1,8020,19.7,15.7,50.0
Peru,2007,62.1,8640,22.0,16.4,49.4
Peru,2008,63.1,9350,26.2,16.5,48.4
Peru,2009,63.5,9380,20.0,14.5,47.2
Peru,2010,64.0,10100,23.8,15.5,46.1
Peru,2011,65.9,10600,24.2,16.0,45.3
Peru,2012,64.7,11200,24.6,16.5,44.6
Peru,2013,65.4,11700,25.6,16.4,44.1
Peru,2014,65.4,11900,24.6,16.7,43.9
Peru,2015,65.8,12100,24.2,14.9,43.7
Peru,2016,66.5,12400,22.1,13.8,43.6
Philippines,2006,64.8,4940,18.0,13.7,44.6
Philippines,2007,63.0,5180,17.3,13.5,44.6
Philippines,2008,61.2,5300,19.3,13.6,44.5
Philippines,2009,61.2,5270,16.6,12.2,44.3
Philippines,2010,61.2,5580,20.5,12.1,44.2
Philippines,2011,61.2,5690,20.5,12.4,44.1
Philippines,2012,63.0,5970,18.2,12.9,43.9
Philippines,2013,64.1,6280,20.0,13.3,43.5
Philippines,2014,67.7,6560,20.6,13.6,43.1
Philippines,2015,68.4,6850,21.2,13.6,42.7
Philippines,2016,69.4,7210,24.3,13.7,42.4
Poland,2006,73.0,18300,21.7,17.2,34.7
Poland,2007,73.0,19600,25.2,18.1,34.0
Poland,2008,73.0,20400,24.7,18.2,33.6
Poland,2009,71.8,21000,20.6,15.9,33.4
Poland,2010,70.5,21800,21.3,16.5,33.2
Poland,2011,71.2,22900,22.4,16.7,33.0
Poland,2012,71.2,23200,21.0,16.0,32.8
Poland,2013,71.2,23600,19.0,15.6,32.6
Poland,2014,74.7,24400,20.4,15.5,32.1
Poland,2015,70.9,25300,20.5,15.6,31.7
Poland,2016,68.3,26100,19.6,16.2,31.3
Portugal,2006,81.6,27000,23.2,21.1,37.8
Portugal,2007,81.0,27600,23.1,21.3,37.0
Portugal,2008,80.5,27600,23.6,21.0,36.4
Portugal,2009,80.3,26700,20.8,19.2,36.1
Portugal,2010,80.2,27200,21.1,19.7,36.0
Portugal,2011,78.1,26800,18.6,21.2,35.9
Portugal,2012,79.2,25800,15.7,20.9,36.0
Portugal,2013,76.5,25700,14.6,22.8,35.9
Portugal,2014,77.9,26000,15.3,22.7,35.8
Portugal,2015,77.9,26600,15.8,22.9,35.7
Portugal,2016,78.6,27200,15.5,22.5,35.5
Qatar,2006,27.8,117000,41.9,20.1,40.0
Qatar,2007,28.5,116000,46.0,20.6,40.0
Qatar,2008,29.2,116000,41.1,15.9,40.0
Qatar,2009,30.1,113000,43.0,19.9,40.0
Qatar,2010,30.9,120000,31.3,14.7,40.0
Qatar,2011,31.8,124000,29.0,,40.0
Qatar,2012,31.8,120000,27.1,,40.0
Qatar,2013,31.8,118000,27.8,,40.0
Qatar,2014,31.8,117000,31.8,,40.0
Qatar,2015,31.8,116000,38.2,,40.0
Qatar,2016,31.8,114000,45.2,,40.0
Romania,2006,70.6,15700,27.2,17.7,32.4
Romania,2007,70.6,17100,31.1,17.4,32.7
Romania,2008,70.6,19000,33.2,16.8,33.1
Romania,2009,68.3,18100,26.6,15.4,32.4
Romania,2010,66.0,17500,27.1,16.6,32.0
Romania,2011,65.4,17900,28.0,18.0,31.9
Romania,2012,65.4,18400,26.8,17.9,32.7
Romania,2013,65.4,19100,25.6,17.6,33.5
Romania,2014,66.8,19800,24.7,17.9,32.9
Romania,2015,66.8,20700,25.2,18.9,32.1
Romania,2016,66.2,21800,24.0,16.8,31.4
Russia,2006,50.2,21000,21.2,16.6,41.3
Russia,2007,47.5,22800,24.2,16.6,41.2
Russia,2008,44.8,24000,25.5,15.8,40.8
Russia,2009,43.7,22100,18.9,13.0,40.6
Russia,2010,42.6,23300,22.6,13.0,40.3
Russia,2011,39.2,24300,24.4,13.9,40.1
Russia,2012,37.4,25200,24.5,13.7,40.2
Russia,2013,35.9,25600,23.1,12.9,39.8
Russia,2014,33.9,25300,22.2,13.2,39.4
Russia,2015,33.1,24500,21.9,10.6,38.8
Russia,2016,32.4,24400,22.8,9.13,38.2
Rwanda,2006,38.2,1140,16.8,,51.0
Rwanda,2007,37.6,1190,18.9,,50.7
Rwanda,2008,37.1,1290,24.0,,50.1
Rwanda,2009,34.8,1340,23.4,,49.1
Rwanda,2010,32.5,1400,23.0,,48.2
Rwanda,2011,32.5,1470,23.2,,47.4
Rwanda,2012,33.6,1560,25.7,,46.6
Rwanda,2013,33.8,1590,26.5,,46.0
Rwanda,2014,32.5,1670,25.3,13.3,45.5
Rwanda,2015,30.7,1770,26.4,13.7,45.3
Rwanda,2016,30.7,1830,25.9,14.8,45.1
Senegal,2006,53.7,2680,24.7,,39.6
Senegal,2007,53.7,2740,29.3,,39.5
Senegal,2008,53.7,2770,31.3,,39.6
Senegal,2009,53.2,2760,22.1,18.0,39.8
Senegal,2010,52.7,2780,22.1,18.7,39.9
Senegal,2011,55.1,2740,25.6,19.0,40.1
Senegal,2012,60.9,2800,29.2,19.0,40.2
Senegal,2013,61.5,2800,27.4,,40.3
Senegal,2014,61.5,2900,24.4,19.6,40.3
Senegal,2015,60.8,3000,25.1,20.6,40.3
Senegal,2016,62.1,3100,24.9,20.5,40.3
Serbia,2006,66.2,11900,25.0,,31.6
Serbia,2007,65.5,12800,29.1,22.8,30.1
Serbia,2008,64.9,13500,30.3,22.4,28.6
Serbia,2009,64.1,13200,19.4,21.2,29.5
Serbia,2010,63.3,13400,18.5,21.4,31.8
Serbia,2011,63.3,13700,20.1,20.2,33.1
Serbia,2012,63.3,13700,21.0,19.7,35.4
Serbia,2013,66.7,14200,17.6,,36.4
Serbia,2014,67.1,14000,17.5,,36.3
Serbia,2015,67.1,14300,18.9,,35.2
Serbia,2016,65.7,14900,19.1,,35.1
Sierra Leone,2006,35.7,1070,10.4,8.43,38.4
Sierra Leone,2007,38.4,1130,9.45,7.88,37.5
Sierra Leone,2008,41.1,1160,9.11,8.21,36.7
Sierra Leone,2009,43.1,1170,9.99,8.41,35.8
Sierra Leone,2010,45.1,1210,31.1,9.08,35.1
Sierra Leone,2011,45.1,1260,42.0,9.31,34.6
Sierra Leone,2012,47.1,1410,27.5,9.51,34.2
Sierra Leone,2013,46.4,1670,13.8,9.12,34.0
Sierra Leone,2014,45.6,1710,13.7,8.6,34.0
Sierra Leone,2015,45.5,1330,15.5,,34.0
Sierra Leone,2016,45.5,1380,20.1,,34.0
Singapore,2006,58.9,66200,22.3,11.9,42.4
Singapore,2007,58.9,69200,23.2,12.9,42.5
Singapore,2008,58.9,66800,30.5,13.9,42.6
Singapore,2009,58.9,64900,27.8,13.1,42.7
Singapore,2010,58.9,73100,28.2,13.0,42.5
Singapore,2011,58.9,76000,27.1,13.3,42.2
Singapore,2012,58.8,77500,29.9,13.8,42.0
Singapore,2013,59.2,79900,30.7,13.4,41.7
Singapore,2014,60.3,82000,30.2,13.7,41.4
Singapore,2015,61.4,83300,27.1,13.3,40.9
Singapore,2016,63.8,84700,27.0,13.7,40.9
Slovak Republic,2006,74.0,21700,28.8,16.8,27.4
Slovak Republic,2007,73.7,24100,28.5,16.7,27.1
Slovak Republic,2008,73.3,25400,28.7,16.4,26.7
Slovak Republic,2009,73.4,24000,21.1,15.5,26.7
Slovak Republic,2010,73.5,25200,24.0,15.0,26.6
Slovak Republic,2011,73.5,25800,25.0,15.5,26.9
Slovak Republic,2012,73.5,26200,20.9,15.0,26.8
Slovak Republic,2013,73.5,26600,21.0,15.9,26.7
Slovak Republic,2014,73.5,27300,22.0,16.7,26.7
Slovak Republic,2015,72.9,28400,24.2,17.6,26.7
Slovak Republic,2016,72.9,29200,22.6,17.4,26.4
Slovenia,2006,79.6,28400,30.2,20.8,24.4
Slovenia,2007,79.6,30200,32.9,20.0,24.4
Slovenia,2008,79.6,31100,32.7,19.4,24.4
Slovenia,2009,78.3,28500,23.4,18.0,24.5
Slovenia,2010,76.9,28700,22.2,18.1,24.8
Slovenia,2011,77.6,28800,21.7,17.9,25.3
Slovenia,2012,78.8,28000,18.7,18.0,25.5
Slovenia,2013,78.8,27600,19.5,18.0,25.6
Slovenia,2014,75.7,28400,19.6,18.2,25.7
Slovenia,2015,75.7,29000,19.4,18.5,25.6
Slovenia,2016,75.1,29900,18.7,18.6,25.5
South Africa,2006,79.1,11500,20.2,27.3,63.9
South Africa,2007,79.1,11900,21.0,27.6,63.9
South Africa,2008,79.1,12100,23.2,26.8,63.6
South Africa,2009,78.5,11800,20.7,24.4,63.4
South Africa,2010,77.9,12000,19.5,25.0,63.3
South Africa,2011,77.9,12200,19.7,25.2,63.2
South Africa,2012,77.9,12300,20.0,25.6,63.2
South Africa,2013,79.0,12400,21.2,26.0,63.2
South Africa,2014,78.2,12400,20.5,26.5,63.1
South Africa,2015,75.6,12400,21.0,27.3,63.1
South Africa,2016,74.1,12200,19.4,27.1,63.0
South Korea,2006,78.8,26700,32.7,14.3,32.0
South Korea,2007,79.5,28000,32.6,15.5,32.0
South Korea,2008,80.1,28600,33.0,15.1,32.0
South Korea,2009,80.6,28600,28.5,14.3,32.1
South Korea,2010,81.1,30400,32.0,14.0,32.0
South Korea,2011,80.6,31200,33.0,14.4,31.8
South Korea,2012,81.3,31800,31.0,14.7,31.7
South Korea,2013,80.6,32500,29.1,14.3,31.6
South Korea,2014,80.6,33400,29.3,13.9,31.6
South Korea,2015,79.7,34200,28.9,13.9,31.6
South Korea,2016,79.2,35000,29.3,14.8,31.6
Spain,2006,83.4,33700,31.3,16.1,33.5
Spain,2007,84.0,34300,31.3,16.7,33.9
Spain,2008,84.5,34200,29.6,13.3,34.4
Spain,2009,83.0,32700,24.6,11.0,34.8
Spain,2010,81.6,32500,23.5,13.0,35.1
Spain,2011,80.2,32100,21.9,12.4,35.5
Spain,2012,80.2,31100,20.0,12.2,35.7
Spain,2013,80.2,30700,18.7,14.0,35.9
Spain,2014,80.5,31200,19.5,14.3,36.0
Spain,2015,83.0,32400,20.4,14.4,36.2
Spain,2016,83.0,33400,20.5,13.8,36.2
Sri Lanka,2006,65.8,6910,28.0,14.6,40.2
Sri Lanka,2007,66.0,7330,28.0,14.2,39.6
Sri Lanka,2008,66.1,7710,27.6,13.3,38.7
Sri Lanka,2009,66.3,7930,24.4,12.8,38.1
Sri Lanka,2010,66.4,8500,30.4,11.3,37.7
Sri Lanka,2011,65.8,9160,33.4,11.3,37.8
Sri Lanka,2012,57.5,9980,39.1,10.4,38.1
Sri Lanka,2013,56.9,10200,33.2,10.5,38.7
Sri Lanka,2014,56.9,10600,32.3,10.1,39.2
Sri Lanka,2015,64.2,11100,31.2,12.4,39.6
Sri Lanka,2016,64.8,11400,35.0,12.3,39.7
Suriname,2006,65.2,12500,18.4,16.7,59.8
Suriname,2007,65.5,13000,42.3,18.9,60.1
Suriname,2008,65.8,13300,45.5,17.3,60.4
Suriname,2009,66.2,13600,47.1,17.2,60.6
Suriname,2010,66.5,14100,37.5,15.7,60.8
Suriname,2011,66.5,14800,53.2,18.5,60.9
Suriname,2012,66.5,15000,57.8,19.5,61.0
Suriname,2013,67.7,15300,62.9,,61.0
Suriname,2014,67.7,15200,70.7,,61.0
Suriname,2015,67.7,14500,67.4,,61.0
Suriname,2016,67.7,13500,66.0,,61.0
Swaziland,2006,29.3,7630,16.5,31.0,52.0
Swaziland,2007,29.9,7920,16.0,27.3,51.8
Swaziland,2008,30.4,7930,15.7,29.8,51.7
Swaziland,2009,29.7,8000,15.4,25.3,51.6
Swaziland,2010,29.0,8240,14.5,16.0,51.5
Swaziland,2011,32.6,8370,12.9,16.3,51.5
Swaziland,2012,32.0,8710,12.3,28.6,51.5
Swaziland,2013,32.0,9200,12.1,,51.5
Swaziland,2014,30.9,9310,12.3,,51.5
Swaziland,2015,30.9,9270,11.4,,51.5
Swaziland,2016,30.3,9480,12.4,,51.5
Sweden,2006,98.8,43000,23.0,28.5,26.9
Sweden,2007,98.8,44100,24.6,28.4,27.1
Sweden,2008,98.8,43500,24.5,27.0,27.3
Sweden,2009,96.9,40900,20.9,26.9,27.6
Sweden,2010,95.0,43000,22.9,27.1,27.7
Sweden,2011,95.0,43800,23.8,26.5,27.8
Sweden,2012,97.3,43400,22.6,26.1,28.0
Sweden,2013,97.3,43500,22.5,26.2,28.3
Sweden,2014,97.3,44200,23.4,26.3,28.6
Sweden,2015,94.5,45700,24.3,27.0,28.8
Sweden,2016,93.9,46300,24.7,27.7,28.9
Switzerland,2006,90.2,54500,25.2,9.52,34.1
Switzerland,2007,90.8,56300,24.3,9.36,33.7
Switzerland,2008,91.5,56800,25.3,9.91,33.5
Switzerland,2009,91.2,54800,26.2,9.68,33.0
Switzerland,2010,90.9,55900,23.9,9.72,32.5
Switzerland,2011,90.9,56200,26.7,9.65,32.2
Switzerland,2012,90.9,56200,24.4,9.52,32.2
Switzerland,2013,90.9,56500,22.5,9.6,32.1
Switzerland,2014,90.9,57200,23.2,9.4,32.2
Switzerland,2015,90.9,57300,23.1,9.85,32.4
Switzerland,2016,90.9,57600,23.1,9.77,32.4
Syria,2006,23.6,5750,18.9,14.6,35.6
Syria,2007,22.7,5860,27.8,14.2,35.5
Syria,2008,21.8,5920,,,35.4
Syria,2009,22.4,6120,,,35.3
Syria,2010,23.1,6290,,,35.3
Syria,2011,19.9,5980,,,35.3
Syria,2012,16.3,4830,,,35.2
Syria,2013,18.6,4120,,,35.2
Syria,2014,17.4,3540,,,35.2
Syria,2015,14.3,3050,,,35.2
Syria,2016,14.3,3090,,,35.2
Tanzania,2006,51.8,1980,26.0,,39.6
Tanzania,2007,52.3,2050,32.8,,39.7
Tanzania,2008,52.8,2110,32.1,,39.6
Tanzania,2009,54.6,2160,25.1,,39.3
Tanzania,2010,56.4,2230,27.3,,38.8
Tanzania,2011,56.4,2330,33.2,,38.4
Tanzania,2012,58.8,2360,28.5,,38.1
Tanzania,2013,57.7,2450,30.3,,37.9
Tanzania,2014,57.7,2540,30.1,11.9,37.8
Tanzania,2015,55.8,2610,27.2,,37.8
Tanzania,2016,57.6,2710,24.8,,37.8
Thailand,2006,56.7,12000,27.0,15.6,41.3
Thailand,2007,62.4,12600,25.5,15.1,40.7
Thailand,2008,68.1,12800,28.2,15.4,40.2
Thailand,2009,66.8,12600,20.6,14.2,39.3
Thailand,2010,65.5,13500,25.4,14.9,39.2
Thailand,2011,65.5,13500,26.8,16.4,38.7
Thailand,2012,65.5,14500,28.0,15.4,38.2
Thailand,2013,62.5,14800,27.5,16.9,37.5
Thailand,2014,53.9,14900,23.9,15.6,37.2
Thailand,2015,50.9,15300,22.1,16.0,36.6
Thailand,2016,49.2,15700,21.7,15.5,36.2
Timor-Leste,2006,64.1,9020,2.07,,29.5
Timor-Leste,2007,68.2,9310,3.52,,28.7
Timor-Leste,2008,72.2,10000,4.62,,28.2
Timor-Leste,2009,72.2,9280,11.1,,28.1
Timor-Leste,2010,72.2,9010,9.42,24.3,28.2
Timor-Leste,2011,72.2,9860,12.9,24.9,28.3
Timor-Leste,2012,71.6,10200,10.5,25.7,28.4
Timor-Leste,2013,72.4,8890,10.3,23.2,28.5
Timor-Leste,2014,72.4,6470,15.4,22.5,28.6
Timor-Leste,2015,72.4,7660,18.9,18.5,28.6
Timor-Leste,2016,72.4,7570,26.1,9.82,28.7
Togo,2006,17.5,1160,16.8,14.8,43.0
Togo,2007,20.9,1160,14.6,16.2,43.2
Togo,2008,24.3,1170,17.3,14.9,43.7
Togo,2009,29.4,1200,18.0,15.3,44.5
Togo,2010,34.5,1240,18.9,15.7,45.0
Togo,2011,34.5,1290,18.3,16.4,45.1
Togo,2012,34.5,1340,24.2,16.6,45.0
Togo,2013,34.5,1380,24.6,20.0,44.5
Togo,2014,34.5,1420,23.1,,43.9
Togo,2015,34.1,1470,20.7,21.8,43.5
Togo,2016,33.2,1500,22.9,21.9,43.2
Tunisia,2006,30.6,9180,23.4,18.5,37.8
Tunisia,2007,30.1,9690,23.8,19.1,37.4
Tunisia,2008,29.6,10000,26.0,20.5,37.0
Tunisia,2009,28.8,10200,25.1,20.0,36.6
Tunisia,2010,27.9,10400,26.6,20.1,36.3
Tunisia,2011,55.3,10100,23.5,21.2,36.0
Tunisia,2012,56.7,10400,24.9,21.1,35.9
Tunisia,2013,57.6,10600,23.2,,35.8
Tunisia,2014,63.1,10800,23.5,,35.8
Tunisia,2015,67.2,10900,20.3,,35.8
Tunisia,2016,64.0,10900,19.7,,35.8
Turkey,2006,57.0,17300,29.6,,40.2
Turkey,2007,57.0,17900,28.7,,39.7
Turkey,2008,56.9,17800,28.9,17.7,39.0
Turkey,2009,57.1,16800,23.0,18.3,39.1
Turkey,2010,57.3,18000,27.0,19.4,39.4
Turkey,2011,57.3,19700,31.3,18.7,39.6
Turkey,2012,57.6,20300,28.3,18.4,40.1
Turkey,2013,56.3,21600,29.8,18.5,40.9
Turkey,2014,51.2,22300,29.0,18.1,41.3
Turkey,2015,51.2,23300,28.4,18.2,41.6
Turkey,2016,50.4,23700,28.2,18.3,41.9
Uganda,2006,51.4,1350,21.1,,43.6
Uganda,2007,50.9,1420,22.1,,43.5
Uganda,2008,50.3,1500,23.0,,43.6
Uganda,2009,50.4,1550,25.0,,43.6
Uganda,2010,50.5,1590,25.6,,43.4
Uganda,2011,51.3,1680,27.5,,42.9
Uganda,2012,51.6,1690,27.3,,42.4
Uganda,2013,52.2,1700,28.4,,41.9
Uganda,2014,52.2,1720,27.3,,41.7
Uganda,2015,52.2,1750,24.6,12.9,41.9
Uganda,2016,52.6,1770,25.5,13.5,42.2
Ukraine,2006,69.4,7870,24.8,17.7,28.3
Ukraine,2007,69.4,8520,26.7,16.5,27.6
Ukraine,2008,69.4,8770,27.9,17.9,26.7
Ukraine,2009,66.2,7510,17.1,16.4,25.7
Ukraine,2010,63.0,7820,20.9,15.6,25.2
Ukraine,2011,59.4,8280,22.4,18.5,24.8
Ukraine,2012,59.1,8320,21.7,18.3,24.5
Ukraine,2013,58.4,8340,18.5,17.6,24.7
Ukraine,2014,54.2,8240,13.4,17.3,24.8
Ukraine,2015,57.0,7470,15.9,20.5,24.8
Ukraine,2016,57.0,7680,21.5,19.6,24.9
United Arab Emirates,2006,24.2,87100,19.3,,40.0
United Arab Emirates,2007,25.1,77200,25.1,,40.0
United Arab Emirates,2008,26.0,69400,25.1,,40.0
United Arab Emirates,2009,25.6,58800,31.6,,40.0
United Arab Emirates,2010,25.2,55400,27.1,,40.0
United Arab Emirates,2011,25.8,56600,23.2,0.321,40.0
United Arab Emirates,2012,25.8,57900,21.9,0.364,40.0
United Arab Emirates,2013,25.2,60400,19.3,0.37,40.0
United Arab Emirates,2014,26.4,62900,22.2,0.35600000000000004,40.0
United Arab Emirates,2015,27.5,65800,25.7,0.0577,40.0
United Arab Emirates,2016,27.5,67000,26.0,0.0435,40.0
United Kingdom,2006,80.8,37800,17.6,25.7,34.9
United Kingdom,2007,81.2,38500,18.1,25.9,34.6
United Kingdom,2008,81.5,38100,17.0,26.5,34.6
United Kingdom,2009,81.5,36200,14.4,24.2,34.3
United Kingdom,2010,81.6,36500,15.7,25.4,33.7
United Kingdom,2011,81.6,36800,15.6,26.1,33.5
United Kingdom,2012,82.1,37100,15.8,25.2,33.4
United Kingdom,2013,83.1,37600,16.4,25.2,33.2
United Kingdom,2014,83.1,38400,17.1,24.9,33.2
United Kingdom,2015,83.1,39000,17.0,25.2,33.4
United Kingdom,2016,83.6,39400,17.0,25.6,33.4
United States,2006,82.2,50400,23.3,11.3,40.8
United States,2007,82.2,50900,22.4,11.3,40.8
United States,2008,82.2,50400,20.8,10.3,40.8
United States,2009,82.0,48600,17.5,7.94,40.7
United States,2010,81.8,49500,18.4,8.61,40.7
United States,2011,81.1,49900,18.5,9.59,40.7
United States,2012,81.1,50600,19.4,9.82,40.8
United States,2013,81.1,51200,19.8,10.6,41.0
United States,2014,81.1,52100,20.1,11.0,41.2
United States,2015,80.5,53200,20.4,11.2,41.3
United States,2016,79.8,53600,19.7,10.9,41.4
Uruguay,2006,79.6,13500,19.5,19.0,45.8
Uruguay,2007,80.2,14400,19.5,18.4,45.8
Uruguay,2008,80.8,15400,23.2,18.2,45.5
Uruguay,2009,80.9,16000,19.6,18.7,44.8
Uruguay,2010,81.0,17200,19.4,18.9,43.5
Uruguay,2011,81.7,18000,20.9,19.1,42.6
Uruguay,2012,81.7,18600,22.9,18.8,41.5
Uruguay,2013,81.7,19400,22.5,19.0,40.6
Uruguay,2014,81.7,19900,21.2,18.6,40.1
Uruguay,2015,81.7,19900,19.7,18.5,40.1
Uruguay,2016,81.7,20200,17.8,23.7,39.9
Uzbekistan,2006,18.5,3270,19.1,,33.5
Uzbekistan,2007,17.9,3530,20.9,,33.5
Uzbekistan,2008,17.4,3790,24.5,,33.5
Uzbekistan,2009,17.4,4020,25.4,,33.5
Uzbekistan,2010,17.4,4240,24.6,,33.5
Uzbekistan,2011,17.4,4470,22.8,16.2,33.5
Uzbekistan,2012,17.2,4770,23.3,17.2,33.5
Uzbekistan,2013,17.2,5070,23.7,17.5,33.5
Uzbekistan,2014,24.5,5340,24.2,17.3,33.5
Uzbekistan,2015,19.5,5640,23.7,17.5,33.5
Uzbekistan,2016,19.5,5880,24.9,17.3,33.5
Vietnam,2006,27.5,3630,34.5,22.2,36.0
Vietnam,2007,26.4,3850,39.6,21.5,36.1
Vietnam,2008,25.3,4030,36.5,22.4,36.7
Vietnam,2009,27.4,4210,37.2,20.6,37.1
Vietnam,2010,29.4,4430,35.7,22.3,37.1
Vietnam,2011,29.6,4660,29.8,22.2,37.0
Vietnam,2012,28.9,4860,27.2,19.0,36.5
Vietnam,2013,32.9,5070,26.7,19.1,35.6
Vietnam,2014,34.1,5310,26.8,,35.2
Vietnam,2015,35.3,5610,27.7,,35.1
Vietnam,2016,33.8,5900,26.6,,35.1
Zambia,2006,52.5,2650,,13.7,53.3
Zambia,2007,52.5,2800,,13.9,54.7
Zambia,2008,52.5,2930,,14.2,55.0
Zambia,2009,54.6,3120,,12.5,55.3
Zambia,2010,56.8,3340,29.9,13.2,55.6
Zambia,2011,61.9,3420,33.6,17.1,55.9
Zambia,2012,62.6,3570,31.8,16.2,56.2
Zambia,2013,62.6,3630,34.0,15.7,56.5
Zambia,2014,63.9,3690,34.0,17.0,56.8
Zambia,2015,62.8,3680,42.8,16.8,57.0
Zambia,2016,59.9,3700,38.2,14.9,57.1
Zimbabwe,2006,26.2,1890,1.57,,43.2
Zimbabwe,2007,25.8,1810,7.11,,43.2
Zimbabwe,2008,25.3,1480,5.13,,43.2
Zimbabwe,2009,25.9,1630,14.3,10.3,43.2
Zimbabwe,2010,26.4,1930,22.3,20.7,43.2
Zimbabwe,2011,26.8,2170,20.3,20.9,43.2
Zimbabwe,2012,26.7,2490,11.8,21.4,43.2
Zimbabwe,2013,26.7,2490,11.4,,43.2
Zimbabwe,2014,27.8,2510,11.8,,43.2
Zimbabwe,2015,30.5,2510,12.3,,43.2
Zimbabwe,2016,30.5,2490,12.2,,43.2
